<?xml version="1.0"?>
<archive xmlns="http://rs.tdwg.org/dwc/text/">
	<core encoding="UTF-8" linesTerminatedBy="\n" fieldsTerminatedBy="\t" fieldsEnclosedBy="" ignoreHeaderLines="1" rowType="http://rs.tdwg.org/dwc/terms/Taxon">
		<files>
			<location></location>
		</files>
		<id index="0"/>
		<field index="1" term="http://rs.tdwg.org/dwc/terms/taxonConceptID"/>
		<field index="2" term="http://rs.tdwg.org/dwc/terms/scientificName"/>
		<field index="3" term="http://rs.tdwg.org/dwc/terms/family"/>
	</core>
	<extension encoding="UTF-8" linesTerminatedBy="\n" fieldsTerminatedBy="\t" fieldsEnclosedBy="" ignoreHeaderLines="1" rowType="http://rs.gbif.org/terms/1.0/VernacularName">
		<files>
			<location>vernacularname.tsv</location>
		</files>
		<coreid index="0"/>
		<field index="1" term="http://rs.tdwg.org/dwc/terms/vernacularName"/>
		<field index="2" term="http://purl.org/dc/terms/source"/>
		<field index="3" term="http://purl.org/dc/terms/language"/>
	</extension>
	<extension encoding="UTF-8" linesTerminatedBy="\r\n" fieldsTerminatedBy="\t" fieldsEnclosedBy="" ignoreHeaderLines="1" rowType="http://rs.gbif.org/terms/1.0/Description">
		<files>
			<location>medicinaluse.tsv</location>
		</files>
		<coreid index="0"/>
		<field index="1" term="http://purl.org/dc/terms/description"/>
		<field index="2" term="http://purl.org/dc/terms/type"/>
		<field index="3" term="http://purl.org/dc/terms/source"/>
	</extension>
</archive>